Metric,Linear Regression,Random Forest
R² Score,0.522892988928263,0.9042253971332632
RMSE,7.038982134242337,3.153749128834769
MAE,5.1402945926461765,1.8252700376532849
