Metric,Linear Regression,Random Forest
R² Score,1.0,0.9999992196620867
RMSE,1.4291623700157076e-13,0.009002089316897673
MAE,1.1809489941648568e-13,0.00018100544447899818
